<?xml version="1.0" encoding="UTF-8"?>
<!DOCTYPE manifest PUBLIC "-//MECA//DTD Manifest v1.0//en" "MECA_manifest.dtd">
<manifest manifest-version="1" xmlns="https://manuscriptexchange.org/schema/manifest" xmlns:xlink="http://www.w3.org/1999/xlink">
  <item item-type="article-metadata">
    <instance media-type="text/xml" xlink:href="index.xml"/>
  </item>
  <item item-type="manuscript">
    <instance media-type="application/vnd.openxmlformats-officedocument.wordprocessingml.document" xlink:href="index.docx"/>
  </item>
  <item item-type="manuscript">
    <instance media-type="application/pdf" xlink:href="index.pdf"/>
  </item>
  <item item-type="manuscript">
    <instance media-type="text/plain" xlink:href="_tex\\index.tex"/>
  </item>
  <item item-type="manuscript-supporting-file">
    <instance media-type="application/octet-stream" xlink:href="_tex\\references.bib"/>
  </item>
  <item item-type="article-source">
    <instance media-type="application/octet-stream" xlink:href="source\\.gitignore"/>
  </item>
  <item item-type="article-source">
    <instance media-type="text/markdown" xlink:href="source\\README.md"/>
  </item>
  <item item-type="article-source">
    <instance media-type="application/octet-stream" xlink:href="source\\_extensions\\AaronGullickson\\aog-article\\_extension.yml"/>
  </item>
  <item item-type="article-source">
    <instance media-type="text/plain" xlink:href="source\\_extensions\\AaronGullickson\\aog-article\\header.tex"/>
  </item>
  <item item-type="article-source">
    <instance media-type="text/plain" xlink:href="source\\_extensions\\AaronGullickson\\aog-article\\partials\\after-body.tex"/>
  </item>
  <item item-type="article-source">
    <instance media-type="text/plain" xlink:href="source\\_extensions\\AaronGullickson\\aog-article\\partials\\before-body.tex"/>
  </item>
  <item item-type="article-source">
    <instance media-type="text/plain" xlink:href="source\\_extensions\\AaronGullickson\\aog-article\\partials\\title.tex"/>
  </item>
  <item item-type="article-source">
    <instance media-type="application/octet-stream" xlink:href="source\\_extensions\\AaronGullickson\\submittable\\_extension.yml"/>
  </item>
  <item item-type="article-source">
    <instance media-type="text/plain" xlink:href="source\\_extensions\\AaronGullickson\\submittable\\header.tex"/>
  </item>
  <item item-type="article-source">
    <instance media-type="text/plain" xlink:href="source\\_extensions\\AaronGullickson\\submittable\\partials\\_authors.tex"/>
  </item>
  <item item-type="article-source">
    <instance media-type="text/plain" xlink:href="source\\_extensions\\AaronGullickson\\submittable\\partials\\after-body.tex"/>
  </item>
  <item item-type="article-source">
    <instance media-type="text/plain" xlink:href="source\\_extensions\\AaronGullickson\\submittable\\partials\\before-bib.tex"/>
  </item>
  <item item-type="article-source">
    <instance media-type="text/plain" xlink:href="source\\_extensions\\AaronGullickson\\submittable\\partials\\before-body.tex"/>
  </item>
  <item item-type="article-source">
    <instance media-type="text/plain" xlink:href="source\\_extensions\\AaronGullickson\\submittable\\partials\\title.tex"/>
  </item>
  <item item-type="article-source">
    <instance media-type="application/vnd.openxmlformats-officedocument.wordprocessingml.document" xlink:href="source\\_extensions\\AaronGullickson\\submittable\\reference.docx"/>
  </item>
  <item item-type="article-source">
    <instance media-type="application/octet-stream" xlink:href="source\\_extensions\\juba\\bookup\\_extension.yml"/>
  </item>
  <item item-type="article-source">
    <instance media-type="application/octet-stream" xlink:href="source\\_extensions\\juba\\bookup\\bookup.scss"/>
  </item>
  <item item-type="article-source">
    <instance media-type="application/octet-stream" xlink:href="source\\_extensions\\juba\\bookup\\bookup_dark.scss"/>
  </item>
  <item item-type="article-source">
    <instance media-type="application/octet-stream" xlink:href="source\\_extensions\\juba\\bookup\\embed-fonts.lua"/>
  </item>
  <item item-type="article-source">
    <instance media-type="text/css" xlink:href="source\\_extensions\\juba\\bookup\\fonts-download.css"/>
  </item>
  <item item-type="article-source">
    <instance media-type="text/css" xlink:href="source\\_extensions\\juba\\bookup\\fonts-embed.css"/>
  </item>
  <item item-type="article-source">
    <instance media-type="application/octet-stream" xlink:href="source\\_extensions\\juba\\bookup\\fonts\\fira-mono-v12-latin-500.woff2"/>
  </item>
  <item item-type="article-source">
    <instance media-type="application/octet-stream" xlink:href="source\\_extensions\\juba\\bookup\\fonts\\fira-mono-v12-latin-700.woff2"/>
  </item>
  <item item-type="article-source">
    <instance media-type="application/octet-stream" xlink:href="source\\_extensions\\juba\\bookup\\fonts\\fira-mono-v12-latin-regular.woff2"/>
  </item>
  <item item-type="article-source">
    <instance media-type="application/octet-stream" xlink:href="source\\_extensions\\juba\\bookup\\fonts\\roboto-slab-v22-latin-700.woff2"/>
  </item>
  <item item-type="article-source">
    <instance media-type="application/octet-stream" xlink:href="source\\_extensions\\juba\\bookup\\fonts\\roboto-v29-latin-300.woff2"/>
  </item>
  <item item-type="article-source">
    <instance media-type="application/octet-stream" xlink:href="source\\_extensions\\juba\\bookup\\fonts\\roboto-v29-latin-300italic.woff2"/>
  </item>
  <item item-type="article-source">
    <instance media-type="application/octet-stream" xlink:href="source\\_extensions\\juba\\bookup\\fonts\\roboto-v29-latin-700.woff2"/>
  </item>
  <item item-type="article-source">
    <instance media-type="application/octet-stream" xlink:href="source\\_extensions\\juba\\bookup\\fonts\\roboto-v29-latin-700italic.woff2"/>
  </item>
  <item item-type="article-source">
    <instance media-type="application/octet-stream" xlink:href="source\\_extensions\\juba\\bookup\\fonts\\roboto-v29-latin-italic.woff2"/>
  </item>
  <item item-type="article-source">
    <instance media-type="application/octet-stream" xlink:href="source\\_extensions\\juba\\bookup\\fonts\\roboto-v29-latin-regular.woff2"/>
  </item>
  <item item-type="article-source">
    <instance media-type="application/octet-stream" xlink:href="source\\_extensions\\mvuorre\\preprint\\_extension.yml"/>
  </item>
  <item item-type="article-source">
    <instance media-type="image/svg+xml" xlink:href="source\\_extensions\\mvuorre\\preprint\\orcid.svg"/>
  </item>
  <item item-type="article-source">
    <instance media-type="application/vnd.openxmlformats-officedocument.wordprocessingml.document" xlink:href="source\\_extensions\\mvuorre\\preprint\\preprint.docx"/>
  </item>
  <item item-type="article-source">
    <instance media-type="image/svg+xml" xlink:href="source\\_extensions\\mvuorre\\preprint\\psyarxiv.svg"/>
  </item>
  <item item-type="article-source">
    <instance media-type="text/plain" xlink:href="source\\_extensions\\mvuorre\\preprint\\typst-show.typ"/>
  </item>
  <item item-type="article-source">
    <instance media-type="text/plain" xlink:href="source\\_extensions\\mvuorre\\preprint\\typst-template.typ"/>
  </item>
  <item item-type="article-source">
    <instance media-type="application/octet-stream" xlink:href="source\\_quarto.yml"/>
  </item>
  <item item-type="article-source">
    <instance media-type="application/octet-stream" xlink:href="source\\american-political-science-association.csl"/>
  </item>
  <item item-type="article-source">
    <instance media-type="text/plain" xlink:href="source\\docs\\_tex\\index.tex"/>
  </item>
  <item item-type="article-source">
    <instance media-type="application/octet-stream" xlink:href="source\\docs\\_tex\\references.bib"/>
  </item>
  <item item-type="article-source">
    <instance media-type="application/pdf" xlink:href="source\\docs\\index.pdf"/>
  </item>
  <item item-type="article-source">
    <instance media-type="text/css" xlink:href="source\\docs\\site_libs\\bootstrap\\bootstrap-dark.min.css"/>
  </item>
  <item item-type="article-source">
    <instance media-type="text/css" xlink:href="source\\docs\\site_libs\\bootstrap\\bootstrap-icons.css"/>
  </item>
  <item item-type="article-source">
    <instance media-type="application/font-woff" xlink:href="source\\docs\\site_libs\\bootstrap\\bootstrap-icons.woff"/>
  </item>
  <item item-type="article-source">
    <instance media-type="text/css" xlink:href="source\\docs\\site_libs\\bootstrap\\bootstrap.min.css"/>
  </item>
  <item item-type="article-source">
    <instance media-type="application/javascript" xlink:href="source\\docs\\site_libs\\bootstrap\\bootstrap.min.js"/>
  </item>
  <item item-type="article-source">
    <instance media-type="application/javascript" xlink:href="source\\docs\\site_libs\\clipboard\\clipboard.min.js"/>
  </item>
  <item item-type="article-source">
    <instance media-type="text/css" xlink:href="source\\docs\\site_libs\\quarto-contrib\\bookup_fonts_gwf-0.0\\fonts-embed.css"/>
  </item>
  <item item-type="article-source">
    <instance media-type="application/octet-stream" xlink:href="source\\docs\\site_libs\\quarto-contrib\\bookup_fonts_gwf-0.0\\fonts\\fira-mono-v12-latin-500.woff2"/>
  </item>
  <item item-type="article-source">
    <instance media-type="application/octet-stream" xlink:href="source\\docs\\site_libs\\quarto-contrib\\bookup_fonts_gwf-0.0\\fonts\\fira-mono-v12-latin-700.woff2"/>
  </item>
  <item item-type="article-source">
    <instance media-type="application/octet-stream" xlink:href="source\\docs\\site_libs\\quarto-contrib\\bookup_fonts_gwf-0.0\\fonts\\fira-mono-v12-latin-regular.woff2"/>
  </item>
  <item item-type="article-source">
    <instance media-type="application/octet-stream" xlink:href="source\\docs\\site_libs\\quarto-contrib\\bookup_fonts_gwf-0.0\\fonts\\roboto-slab-v22-latin-700.woff2"/>
  </item>
  <item item-type="article-source">
    <instance media-type="application/octet-stream" xlink:href="source\\docs\\site_libs\\quarto-contrib\\bookup_fonts_gwf-0.0\\fonts\\roboto-v29-latin-300.woff2"/>
  </item>
  <item item-type="article-source">
    <instance media-type="application/octet-stream" xlink:href="source\\docs\\site_libs\\quarto-contrib\\bookup_fonts_gwf-0.0\\fonts\\roboto-v29-latin-300italic.woff2"/>
  </item>
  <item item-type="article-source">
    <instance media-type="application/octet-stream" xlink:href="source\\docs\\site_libs\\quarto-contrib\\bookup_fonts_gwf-0.0\\fonts\\roboto-v29-latin-700.woff2"/>
  </item>
  <item item-type="article-source">
    <instance media-type="application/octet-stream" xlink:href="source\\docs\\site_libs\\quarto-contrib\\bookup_fonts_gwf-0.0\\fonts\\roboto-v29-latin-700italic.woff2"/>
  </item>
  <item item-type="article-source">
    <instance media-type="application/octet-stream" xlink:href="source\\docs\\site_libs\\quarto-contrib\\bookup_fonts_gwf-0.0\\fonts\\roboto-v29-latin-italic.woff2"/>
  </item>
  <item item-type="article-source">
    <instance media-type="application/octet-stream" xlink:href="source\\docs\\site_libs\\quarto-contrib\\bookup_fonts_gwf-0.0\\fonts\\roboto-v29-latin-regular.woff2"/>
  </item>
  <item item-type="article-source">
    <instance media-type="application/javascript" xlink:href="source\\docs\\site_libs\\quarto-html\\anchor.min.js"/>
  </item>
  <item item-type="article-source">
    <instance media-type="application/javascript" xlink:href="source\\docs\\site_libs\\quarto-html\\popper.min.js"/>
  </item>
  <item item-type="article-source">
    <instance media-type="text/css" xlink:href="source\\docs\\site_libs\\quarto-html\\quarto-syntax-highlighting-dark.css"/>
  </item>
  <item item-type="article-source">
    <instance media-type="text/css" xlink:href="source\\docs\\site_libs\\quarto-html\\quarto-syntax-highlighting.css"/>
  </item>
  <item item-type="article-source">
    <instance media-type="application/javascript" xlink:href="source\\docs\\site_libs\\quarto-html\\quarto.js"/>
  </item>
  <item item-type="article-source">
    <instance media-type="text/css" xlink:href="source\\docs\\site_libs\\quarto-html\\tippy.css"/>
  </item>
  <item item-type="article-source">
    <instance media-type="application/javascript" xlink:href="source\\docs\\site_libs\\quarto-html\\tippy.umd.min.js"/>
  </item>
  <item item-type="article-source">
    <instance media-type="application/javascript" xlink:href="source\\docs\\site_libs\\quarto-html\\zenscroll-min.js"/>
  </item>
  <item item-type="article-source">
    <instance media-type="application/octet-stream" xlink:href="source\\index.qmd"/>
  </item>
  <item item-type="article-source">
    <instance media-type="application/octet-stream" xlink:href="source\\notebooks\\01-data-import-clean-process.qmd"/>
  </item>
  <item item-type="article-source">
    <instance media-type="application/octet-stream" xlink:href="source\\notebooks\\02-crosstables.qmd"/>
  </item>
  <item item-type="article-source">
    <instance media-type="application/octet-stream" xlink:href="source\\notebooks\\03-plots.qmd"/>
  </item>
  <item item-type="article-source">
    <instance media-type="application/octet-stream" xlink:href="source\\notebooks\\question-set-differences.qmd"/>
  </item>
  <item item-type="article-source">
    <instance media-type="application/octet-stream" xlink:href="source\\rea-paper.Rproj"/>
  </item>
  <item item-type="article-source">
    <instance media-type="application/octet-stream" xlink:href="source\\references.bib"/>
  </item>
  <item item-type="article-source-directory">
    <instance media-type="application/x-directory" xlink:href="source"/>
  </item>
</manifest>